"Solvent"	"InChIKey"	"theta"	"negative"	1	2	3	4	5	6	7	8	"positive"	1	2	3	4	5	6	7	8
"(2R,3S)-2,3-butanediol"	"OWBTYPJTUOEWEK-ZXZARUISSA-N"	0.51	-0.756	0.531	0.106	-0.0705	-0.0381	-0.00557	-0.000377	-1.24E-05	-1.59E-07	-0.824	-1.15	1.68	-1.99	0.661	-0.114	0.011	-0.000564	1.21E-05
"1-bromobutane"	"MPPPKRYCTPRNTB-UHFFFAOYSA-N"	0.46	-1.21	0.272	-0.0223	0.00121	0.000103	-1.51E-06	-4.11E-07	-1.63E-08	-2.16E-10	-1.22	-0.167	-0.0734	0.0115	-0.0102	0.00223	-0.00022	1.05E-05	-1.97E-07
"1-butanol"	"LRHPLDYGYMQRHN-UHFFFAOYSA-N"	0.47	-1.12	-0.335	-0.787	-0.397	-0.0922	-0.0103	-0.000608	-1.83E-05	-2.21E-07	-1.01	-0.998	2.37	-2.85	1.03	-0.194	0.0203	-0.00112	2.54E-05
"1-decanol"	"MWKFXSUHUHTGQN-UHFFFAOYSA-N"	0.45	-1.25	-0.474	-0.852	-0.441	-0.103	-0.0116	-0.000684	-2.06E-05	-2.51E-07	-1.07	-1.58	3.39	-3.17	1.04	-0.183	0.018	-0.000941	2.04E-05
"1-dodecanol"	"LQZZUXJYWNFBMV-UHFFFAOYSA-N"	0.45	-1.28	-0.514	-0.9	-0.452	-0.104	-0.0115	-0.000677	-2.03E-05	-2.46E-07	-1.06	-1.73	3.8	-3.38	1.1	-0.189	0.0184	-0.000951	2.04E-05
"1-hexanol"	"ZSIAUFGUXNUGDI-UHFFFAOYSA-N"	0.45	-1.2	-0.442	-0.849	-0.429	-0.0989	-0.0111	-0.000651	-1.95E-05	-2.37E-07	-1.05	-1.18	2.78	-3.05	1.08	-0.199	0.0205	-0.00112	2.53E-05
"1-methyl-2-pyrrolidinethione"	"OQILOJRSIWGQSM-UHFFFAOYSA-N"	0.58	-0.975	0.347	-0.0344	0.0045	0.000747	4.79E-05	1.56E-06	2.4E-08	1.15E-10	-0.963	-0.715	0.942	-1.65	0.628	-0.119	0.0125	-0.000693	1.58E-05
"1-nitropropane"	"JSZOAYXJRCEYSX-UHFFFAOYSA-N"	0.48	-1.1	0.353	-0.0387	0.00887	0.00162	0.000124	5.17E-06	1.14E-07	1.04E-09	-1.09	-0.382	0.095	-0.155	-0.00743	0.0109	-0.00187	0.000134	-3.59E-06
"1-octanol"	"KBPLFHHGFOOTCA-UHFFFAOYSA-N"	0.44	-1.22	-0.415	-0.825	-0.423	-0.0984	-0.011	-0.000652	-1.96E-05	-2.38E-07	-1.05	-1.45	3.3	-3.22	1.09	-0.195	0.0195	-0.00104	2.3E-05
"1-pentanol"	"AMQJEAYHLZJPGS-UHFFFAOYSA-N"	0.46	-1.16	-0.363	-0.793	-0.411	-0.0963	-0.0108	-0.000642	-1.94E-05	-2.35E-07	-1.04	-1.09	2.53	-2.89	1.03	-0.191	0.0198	-0.00108	2.45E-05
"1-propanol"	"BDERNNFJNOPAEC-UHFFFAOYSA-N"	0.49	-1.07	-0.289	-0.764	-0.386	-0.0898	-0.0101	-0.000593	-1.78E-05	-2.16E-07	-0.975	-0.827	1.95	-2.63	0.98	-0.187	0.0197	-0.0011	2.52E-05
"1,1-dichloroethane"	"SCYULBFZEHDVBN-UHFFFAOYSA-N"	0.47	-1.16	0.272	-0.0215	0.0107	0.00088	-4.45E-06	-3.49E-06	-1.61E-07	-2.37E-09	-1.17	-0.329	-0.0556	-0.00344	-0.000665	0.000298	-3.42E-05	1.74E-06	-3.42E-08
"1,1,1-trichloroethane"	"UOCLXMDMGBRAIB-UHFFFAOYSA-N"	0.43	-1.19	0.257	-0.0262	0.00646	0.000612	5.07E-06	-1.69E-06	-8.4E-08	-1.26E-09	-1.19	-0.214	-0.0189	-0.00141	0.000159	-1.25E-05	1.29E-06	-7.9E-08	1.81E-09
"1,1,1,3,3,3-hexafluoro-2-propanol"	"BYEAHWXPCBROCE-UHFFFAOYSA-N"	0.41	-1.22	-0.0824	0.0564	0.327	0.0744	0.00786	0.000445	1.31E-05	1.56E-07	-1.1	-0.153	-0.155	0.0813	-0.0315	0.00399	-0.000126	-9.48E-06	5.58E-07
"1,1,2-trichloroethane"	"UBOXGVDOUJQMTN-UHFFFAOYSA-N"	0.46	-1.1	0.382	0.0588	0.0775	0.0136	0.00118	5.7E-05	1.46E-06	1.56E-08	-1.11	-0.341	-0.071	-0.0012	-0.00336	0.000951	-0.000105	5.45E-06	-1.12E-07
"1,1,2,2-tetrachloroethane"	"QPFMBZIOSGYJDE-UHFFFAOYSA-N"	0.47	-1.22	0.408	-0.0319	0.0272	0.00494	0.000415	1.92E-05	4.71E-07	4.82E-09	-1.22	-0.139	-0.0102	-3.34E-05	-0.000193	4.83E-05	-5.91E-06	3.74E-07	-9.57E-09
"1,2-butanediol"	"BMRWNKZVCUKKSR-SCSAIBSYSA-N"	0.52	-0.765	0.557	0.169	-0.0475	-0.0344	-0.00525	-0.000361	-1.19E-05	-1.55E-07	-0.839	-1.25	1.84	-2.08	0.687	-0.118	0.0113	-0.00058	1.24E-05
"1,2-dibromoethane"	"PAAZPARNPHGIKF-UHFFFAOYSA-N"	0.5	-1.22	0.33	-0.0291	0.0162	0.0027	0.000202	8.24E-06	1.76E-07	1.55E-09	-1.22	-0.205	-0.0191	-0.0018	0.0003	-3.96E-05	4.43E-06	-2.74E-07	6.74E-09
"1,2-dichloroethane"	"WSLDOOZREJYCGB-UHFFFAOYSA-N"	0.5	-1.08	0.314	-0.00485	0.0308	0.00499	0.000384	1.62E-05	3.63E-07	3.36E-09	-1.09	-0.456	-0.105	-0.0138	-0.00205	0.00138	-0.000203	1.3E-05	-3.17E-07
"1,2-dimethoxybenzene"	"ABDKAPXRBAPSQN-UHFFFAOYSA-N"	0.47	-1.16	0.236	-0.0205	0.00118	0.00012	-2.58E-07	-3.82E-07	-1.63E-08	-2.23E-10	-1.14	-0.515	0.293	-0.408	0.0964	-0.00975	0.00033	1.17E-05	-8.12E-07
"1,2-dimethyoxyethane"	"XTHFKEDIFFGKHM-UHFFFAOYSA-N"	0.45	-1.06	0.208	-0.0105	0.000432	5.2E-05	2.59E-06	9.42E-08	2.43E-09	2.98E-11	-1.07	-0.528	-0.339	-0.622	0.292	-0.0602	0.0066	-0.000376	8.76E-06
"1,2-propanediol"	"DNIAPMSPPWPWGF-GSVOUGTGSA-N"	0.54	-0.698	0.277	-0.17	-0.171	-0.0548	-0.00705	-0.00045	-1.43E-05	-1.79E-07	-0.751	-0.789	0.84	-1.7	0.641	-0.121	0.0126	-0.000691	1.57E-05
"1,2,3,4-tetrahydronaphthalene"	"CXWXQJXEFPUFDZ-UHFFFAOYSA-N"	0.44	-1.2	0.187	-0.00946	0.0004	4.83E-05	2.51E-06	9.78E-08	2.64E-09	3.28E-11	-1.2	-0.27	-0.0925	0.000125	-0.0101	0.00315	-0.000395	2.35E-05	-5.49E-07
"1,2,4-trichlorobenzene"	"PBKONEOXTCPAFI-UHFFFAOYSA-N"	0.45	-1.22	0.257	-0.0198	0.00853	0.000328	-6.7E-05	-7.12E-06	-2.67E-07	-3.61E-09	-1.23	-0.169	-0.0175	-0.00203	0.000186	-3.91E-05	4.86E-06	-2.59E-07	5.11E-09
"1,3-dioxane"	"VDFVNEFVBPFDSB-UHFFFAOYSA-N"	0.47	-1.03	0.262	-0.0183	0.000763	0.000116	4.57E-06	2.98E-08	-2.41E-09	-4.78E-11	-1.04	-0.483	0.0163	-0.978	0.419	-0.084	0.0091	-0.000515	1.19E-05
"1,3-dioxolan"	"WNXJIVFYUVYPPR-UHFFFAOYSA-N"	0.53	-1.14	0.228	-0.0205	0.00112	4.93E-05	-8.16E-06	-7.85E-07	-2.66E-08	-3.29E-10	-1.13	-0.617	0.684	-1.31	0.496	-0.0938	0.00976	-0.000535	1.21E-05
"1,3-propanediol"	"YPFDHNVEDLHUCE-UHFFFAOYSA-N"	0.55	-0.889	-0.371	-0.715	-0.396	-0.0963	-0.0111	-0.000665	-2.03E-05	-2.48E-07	-0.901	-0.346	-1.31	-0.429	0.287	-0.0658	0.00769	-0.000458	1.11E-05
"mesitylene"	"AUHZEENZYGFFBQ-UHFFFAOYSA-N"	0.43	-1.19	0.181	-0.0101	0.000405	4.57E-05	1.78E-06	4.78E-08	1.16E-09	1.59E-11	-1.19	-0.279	-0.0898	-0.00465	-0.00772	0.00267	-0.000348	2.11E-05	-5E-07
"1,3,5-trimethylbenzene"	"AUHZEENZYGFFBQ-UHFFFAOYSA-N"	0.43	-1.19	0.181	-0.0101	0.000405	4.57E-05	1.78E-06	4.78E-08	1.16E-09	1.59E-11	-1.19	-0.279	-0.0898	-0.00465	-0.00772	0.00267	-0.000348	2.11E-05	-5E-07
"1,4-butanediol"	"WERYXYBDKMZEQL-UHFFFAOYSA-N"	0.52	-0.766	0.121	-0.405	-0.243	-0.0643	-0.00767	-0.00047	-1.45E-05	-1.79E-07	-0.761	-0.657	1.08	-1.94	0.737	-0.141	0.0149	-0.000826	1.89E-05
"1,4-dichlorobutane"	"KJDRSWPQXHESDQ-UHFFFAOYSA-N"	0.51	-1.16	0.353	-0.0384	0.00843	0.00158	0.000123	5.13E-06	1.13E-07	1.03E-09	-1.16	-0.286	-0.0618	-0.00332	-0.00158	0.000588	-7.03E-05	3.84E-06	-8.19E-08
"1,5-pentanediol"	"ALQSHHUCVQOPAS-UHFFFAOYSA-N"	0.51	-0.971	-0.308	-0.698	-0.381	-0.0925	-0.0106	-0.000636	-1.94E-05	-2.37E-07	-0.959	-0.39	0.0792	-1.42	0.607	-0.123	0.0135	-0.000773	1.81E-05
"1,8-cineole"	"WEEGYLXZBRQIMU-WAAGHKOSSA-N"	0.4	-1.16	0.165	-0.00689	0.000343	4.26E-05	2.8E-06	1.33E-07	3.75E-09	4.51E-11	-1.15	-0.654	1.31	-2.16	0.838	-0.163	0.0174	-0.000974	2.24E-05
"2-bromopyridine"	"IMRWILPUOVGIMU-UHFFFAOYSA-N"	0.49	-1.11	0.253	-0.0168	0.0118	0.00109	1.14E-05	-2.92E-06	-1.51E-07	-2.32E-09	-1.01	-1.6	2.92	-2.61	0.824	-0.137	0.0128	-0.000639	1.32E-05
"2-butanol"	"BTANRVKWQNVYAZ-BYPYZUCNSA-N"	0.47	-1.01	0.193	-0.261	-0.213	-0.0631	-0.00789	-0.000496	-1.56E-05	-1.95E-07	-0.968	-1.42	2.71	-2.57	0.818	-0.137	0.013	-0.000658	1.38E-05
"2-butanone"	"ZWEHNKRNPOVVGH-UHFFFAOYSA-N"	0.44	-1.04	0.301	-0.0256	0.00175	0.000256	1.09E-05	8.81E-08	-6.18E-09	-1.34E-10	-1.04	-0.538	1.16	-2.11	0.835	-0.164	0.0176	-0.000994	2.3E-05
"2-chloroethanol"	"SZIFAVKTNFCBPC-UHFFFAOYSA-N"	0.57	-0.824	1.17	1.04	0.47	0.0781	0.00688	0.00034	8.96E-06	9.77E-08	-0.979	-0.567	-0.0464	-0.132	0.0219	0.00024	-0.000362	3.36E-05	-9.99E-07
"2-cyanoethanol"	"WSGYTJNNHPZFKR-UHFFFAOYSA-N"	0.54	-0.755	1.39	1.09	0.435	0.0648	0.00511	0.000226	5.28E-06	5.08E-08	-0.953	-0.441	0.12	-0.0895	-0.0818	0.0322	-0.00469	0.000314	-8.12E-06
"2-cyanopyridine"	"FFNVQNRYTPFDDP-UHFFFAOYSA-N"	0.48	-1.02	0.331	-0.00829	0.0256	0.00373	0.000252	9.02E-06	1.59E-07	1E-09	-0.974	-0.932	1.49	-1.53	0.481	-0.079	0.00727	-0.000356	7.24E-06
"2-ethoxyethanol"	"ZNQVEEAIQZEUHB-UHFFFAOYSA-N"	0.48	-1.06	-0.42	-0.856	-0.429	-0.0985	-0.011	-0.000644	-1.93E-05	-2.33E-07	-0.979	-0.627	0.206	-1.11	0.424	-0.0794	0.00824	-0.000453	1.03E-05
"2-heptanone"	"CATSNJVOTSVZJV-UHFFFAOYSA-N"	0.45	-1.16	0.22	-0.0185	0.000437	-0.000133	-2.19E-05	-1.23E-06	-3.2E-08	-3.24E-10	-1.13	-0.864	1.92	-2.44	0.897	-0.169	0.0177	-0.000973	2.21E-05
"2-methoxyethanol"	"XNWFRZJHXBZDAG-UHFFFAOYSA-N"	0.5	-0.996	-0.44	-0.875	-0.432	-0.0982	-0.0109	-0.000636	-1.9E-05	-2.29E-07	-0.924	-0.522	-0.454	-0.695	0.303	-0.0599	0.00645	-0.000365	8.49E-06
"2-methoxyphenol"	"LHGVFZTZFXWLCP-UHFFFAOYSA-N"	0.48	-1.02	0.43	0.123	0.0477	0.0008	-0.000524	-5.2E-05	-1.97E-06	-2.74E-08	-1.04	-0.616	0.309	-0.404	0.0866	-0.00668	-8.79E-05	3.9E-05	-1.51E-06
"2-methyl-1-propanol"	"ZXEKIIBDNHEJCQ-UHFFFAOYSA-N"	0.47	-1.03	0.139	-0.307	-0.236	-0.068	-0.00842	-0.000527	-1.65E-05	-2.06E-07	-0.985	-1.35	2.63	-2.59	0.843	-0.145	0.014	-0.00072	1.54E-05
"2-methyl-2-butanol"	"MSXVEPNJUHWQHW-UHFFFAOYSA-N"	0.43	-0.988	0.255	-0.204	-0.186	-0.0575	-0.00732	-0.000464	-1.47E-05	-1.84E-07	-0.934	-1.54	2.88	-2.52	0.757	-0.12	0.0107	-0.000511	1.01E-05
"2-methyl-2-propanol"	"DKGAVHZHDRPRBM-UHFFFAOYSA-N"	0.46	-1.06	-0.195	-0.66	-0.351	-0.0845	-0.00965	-0.000576	-1.75E-05	-2.13E-07	-0.957	-1.2	2.45	-2.71	0.943	-0.171	0.0175	-0.000942	2.1E-05
"2-methylbutane"	"QWTDNUCVQCZILF-UHFFFAOYSA-N"	0.4	-1.24	0.145	-0.00464	0.000299	4.21E-05	3.22E-06	1.59E-07	4.38E-09	5.06E-11	-1.24	-0.0148	-0.00102	-4.4E-05	0.000118	-3.49E-05	4.59E-06	-2.92E-07	7.28E-09
"2-methylpyridine"	"BSKHPKMHTQYZBB-UHFFFAOYSA-N"	0.47	-1.18	0.204	-0.0211	0.00101	-8.01E-05	-2.52E-05	-1.76E-06	-5.4E-08	-6.36E-10	-1.15	-1.02	2.96	-3.73	1.42	-0.275	0.0295	-0.00166	3.85E-05
"2-methyltetrahydrofuran"	"JWUJQDFVADABEY-RXMQYKEDSA-N"	0.43	-1.11	0.215	-0.00944	0.000382	5.94E-05	3.8E-06	1.61E-07	4.18E-09	4.8E-11	-1.14	-0.328	0.318	-1.58	0.676	-0.137	0.0151	-0.000866	2.03E-05
"2-nitropropane"	"FGLBSLMDCBOPQK-UHFFFAOYSA-N"	0.48	-1.09	0.318	-0.0333	0.00626	0.00102	6.63E-05	2.22E-06	3.56E-08	1.87E-10	-1.07	-0.536	0.373	-0.5	0.132	-0.0166	0.00105	-2.78E-05	7.7E-08
"2-pentanone"	"XNLICIUVMPYHGG-UHFFFAOYSA-N"	0.43	-1.09	0.264	-0.0218	0.00112	1.73E-05	-1.27E-05	-1.04E-06	-3.37E-08	-4.06E-10	-1.08	-0.656	1.41	-2.18	0.838	-0.162	0.0172	-0.000961	2.21E-05
"2-phenylethanol"	"WRMNZCZEMHIOCP-UHFFFAOYSA-N"	0.47	-1.1	-0.0607	-0.507	-0.291	-0.0744	-0.00874	-0.000531	-1.63E-05	-2E-07	-0.982	-1.53	2.92	-2.66	0.836	-0.139	0.0131	-0.000658	1.37E-05
"2-propanol"	"KFZMGEQAYNKOFK-UHFFFAOYSA-N"	0.48	-1.03	-0.136	-0.628	-0.335	-0.0812	-0.0093	-0.000556	-1.69E-05	-2.06E-07	-0.947	-1	2.26	-2.69	0.966	-0.179	0.0186	-0.00102	2.31E-05
"2-pyrrolidinone"	"HNJBEVLQSNELDL-UHFFFAOYSA-N"	0.52	-0.997	0.0836	-0.235	-0.0785	-0.0146	-0.00128	-5.74E-05	-1.27E-06	-1.07E-08	-0.987	-0.514	2.14	-3.54	1.43	-0.287	0.0315	-0.0018	4.24E-05
"2,2,2-trifluoroethanol"	"RHQDFWAXVIIEBN-UHFFFAOYSA-N"	0.46	-0.908	0.856	0.754	0.394	0.0687	0.00625	0.000318	8.57E-06	9.55E-08	-0.997	-0.379	0.0204	-0.083	-0.0262	0.0132	-0.00202	0.000137	-3.57E-06
"2,2,4-trimethylpentane"	"NHTMVDHEPJAVLT-UHFFFAOYSA-N"	0.4	-1.24	0.162	-0.00548	0.000322	4.81E-05	3.65E-06	1.79E-07	4.94E-09	5.76E-11	-1.24	-0.0177	-0.00117	-5.7E-05	0.000135	-3.92E-05	5.09E-06	-3.2E-07	7.92E-09
"2,2,4,4-tetramethyl-3-pentanone"	"UIQGEWJEWJMQSL-UHFFFAOYSA-N"	0.38	-1.14	0.218	-0.0135	0.000539	5.06E-05	7.48E-07	-4.73E-08	-2E-09	-2.25E-11	-1.09	-0.925	1.93	-2.29	0.821	-0.151	0.0156	-0.000845	1.9E-05
"2,3-butanedione"	"QSJXEFYPDANLFS-UHFFFAOYSA-N"	0.49	-0.967	0.317	-0.0327	0.00772	0.000992	4.84E-05	8.08E-07	-1.16E-08	-4.13E-10	-0.958	-0.61	0.183	-0.566	0.2	-0.0349	0.00337	-0.000173	3.69E-06
"2,4-dimethylphenol"	"KUFFULVDNCHOFZ-UHFFFAOYSA-N"	0.47	-0.916	1.29	1.32	0.588	0.0991	0.00888	0.000447	1.2E-05	1.32E-07	-1.11	-0.411	-0.108	-0.0152	-0.024	0.00867	-0.0012	7.66E-05	-1.91E-06
"2,4-dimethylpyridine"	"JYYNAJVZFGKDEQ-UHFFFAOYSA-N"	0.46	-1.18	0.222	-0.0194	0.00101	4.35E-05	-7.79E-06	-7.34E-07	-2.46E-08	-3.01E-10	-1.16	-1.03	3.22	-4.11	1.57	-0.308	0.0332	-0.00188	4.36E-05
"2,4-pentanedione"	"YRKCREAYFQTBPV-UHFFFAOYSA-N"	0.45	-0.905	0.349	-0.0339	0.0044	0.000731	4.6E-05	1.46E-06	2.11E-08	8.25E-11	-0.897	-0.612	0.356	-0.937	0.357	-0.0668	0.00688	-0.000374	8.38E-06
"2,4,5-trimethylacetophenone"	"GENBEGZNCBFHSU-UHFFFAOYSA-N"	0.55	-1.2	0.24	-0.0213	0.0013	0.000119	-1.83E-06	-5.07E-07	-2.04E-08	-2.74E-10	-1.14	-1.14	2.42	-2.73	0.972	-0.18	0.0185	-0.00101	2.27E-05
"2,4,6-trimethylpyridine"	"BWZVCCNYKMEVEX-UHFFFAOYSA-N"	0.45	-1.19	0.189	-0.0153	0.000593	-1.52E-05	-8.47E-06	-5.6E-07	-1.56E-08	-1.66E-10	-1.17	-1.03	3.06	-3.92	1.5	-0.293	0.0316	-0.00179	4.14E-05
"2,6-dimethylpyridine"	"OISVCGZHLKNMSJ-UHFFFAOYSA-N"	0.46	-1.19	0.198	-0.017	0.000631	-4.36E-05	-1.26E-05	-8.01E-07	-2.23E-08	-2.39E-10	-1.15	-1.13	3.06	-3.68	1.38	-0.265	0.0282	-0.00158	3.64E-05
"3-bromopyridine"	"NYPYPOZNGOXYSU-UHFFFAOYSA-N"	0.48	-1.17	0.253	-0.0248	0.00687	0.0005	-1.66E-05	-3.2E-06	-1.33E-07	-1.87E-09	-1.06	-1.49	2.9	-2.52	0.783	-0.129	0.0119	-0.000583	1.19E-05
"3-chlorophenol"	"HORNXRXVQWOLPJ-UHFFFAOYSA-N"	0.49	-1.14	0.481	0.691	0.523	0.104	0.0104	0.000571	1.64E-05	1.92E-07	-1.11	-0.278	-0.126	0.0356	-0.0256	0.00595	-0.00065	3.51E-05	-7.59E-07
"3-heptanone"	"NGAZZOYFWWSOGK-UHFFFAOYSA-N"	0.45	-1.17	0.216	-0.0159	0.000554	-3.7E-05	-9.38E-06	-5.28E-07	-1.29E-08	-1.19E-10	-1.14	-0.821	1.8	-2.37	0.879	-0.166	0.0174	-0.000964	2.19E-05
"3-methyl-1-butanol"	"PHTQWCKDNZKARW-UHFFFAOYSA-N"	0.46	-1.15	-0.35	-0.77	-0.402	-0.0948	-0.0107	-0.000636	-1.92E-05	-2.34E-07	-1.04	-1.1	2.53	-2.88	1.02	-0.19	0.0196	-0.00107	2.42E-05
"3-methyl-2-butanone"	"SYBYTAAJFKOIEJ-UHFFFAOYSA-N"	0.44	-1.09	0.272	-0.0216	0.00111	7.21E-05	-4.73E-06	-5.71E-07	-2.02E-08	-2.55E-10	-1.08	-0.684	1.44	-2.17	0.825	-0.159	0.0168	-0.000936	2.14E-05
"3-methylbutanenitrile"	"QHDRKFYEGYYIIK-UHFFFAOYSA-N"	0.45	-1.12	0.332	-0.0325	0.00414	0.000557	2.65E-05	4.05E-07	-7.53E-09	-2.36E-10	-1.03	-1.2	2.16	-1.87	0.547	-0.0834	0.00708	-0.000316	5.75E-06
"3-methylpyridine"	"ITQTTZVARXURQS-UHFFFAOYSA-N"	0.48	-1.16	0.225	-0.0225	0.00162	8.93E-05	-9.83E-06	-1.08E-06	-3.89E-08	-5.01E-10	-1.14	-1.06	3.14	-3.99	1.52	-0.297	0.032	-0.00181	4.2E-05
"3-pentanone"	"FDPIMTJIUBPUKL-UHFFFAOYSA-N"	0.44	-1.1	0.242	-0.0191	0.000794	-2.7E-05	-1.37E-05	-9.59E-07	-2.85E-08	-3.23E-10	-1.1	-0.602	1.19	-2.03	0.791	-0.154	0.0164	-0.00092	2.12E-05
"3,3-dimethyl-2-butanone"	"PJGSXYOJTGTZAV-UHFFFAOYSA-N"	0.4	-1.08	0.255	-0.0217	0.00121	7.66E-05	-5.82E-06	-6.87E-07	-2.45E-08	-3.12E-10	-1.06	-0.735	1.61	-2.29	0.866	-0.166	0.0175	-0.000974	2.23E-05
"4-methyl-1,3-dioxolan-2-one"	"RUOJZAUFBMNUDX-GSVOUGTGSA-N"	0.51	-0.899	0.506	-0.0841	0.00707	0.00241	0.000249	1.32E-05	3.63E-07	4.09E-09	-0.796	-1.37	2.47	-2.13	0.617	-0.0933	0.00786	-0.000348	6.29E-06
"4-methyl-2-pentanone"	"NTIZESTWPVYFNL-UHFFFAOYSA-N"	0.42	-1.11	0.28	-0.0225	0.00121	6.47E-05	-7.79E-06	-8.08E-07	-2.8E-08	-3.51E-10	-1.07	-0.903	1.89	-2.29	0.828	-0.154	0.0159	-0.000865	1.95E-05
"4-methylpyridine"	"FKNQCJSGGFJEIZ-UHFFFAOYSA-N"	0.48	-1.13	0.234	-0.0235	0.00205	0.000177	-3.67E-06	-8.76E-07	-3.58E-08	-4.9E-10	-1.11	-1.16	3.29	-4.13	1.57	-0.307	0.033	-0.00187	4.33E-05
"acetic acid"	"QTBSBXVTEAMEQO-UHFFFAOYSA-N"	0.52	-0.848	1.21	1.04	0.45	0.072	0.00613	0.000294	7.5E-06	7.95E-08	-0.976	-0.601	0.527	-0.175	-0.13	0.0536	-0.00802	0.000549	-1.45E-05
"acetic anhydride"	"WFDIJRYMOXRFFG-UHFFFAOYSA-N"	0.49	-1.03	0.332	-0.0356	0.0109	0.00188	0.000141	5.75E-06	1.23E-07	1.08E-09	-1	-0.687	0.821	-1.02	0.326	-0.0537	0.00495	-0.000243	4.95E-06
"acetone"	"CSCPPACGZOOCGX-UHFFFAOYSA-N"	0.45	-0.954	0.38	-0.035	0.00288	0.000626	4.69E-05	1.86E-06	3.89E-08	3.37E-10	-0.947	-0.621	1.29	-2.1	0.812	-0.157	0.0168	-0.000939	2.16E-05
"acetonitrile"	"WEVYAHXRMPXWCK-UHFFFAOYSA-N"	0.5	-0.957	0.401	-0.051	0.0242	0.00504	0.00046	2.28E-05	5.95E-07	6.45E-09	-0.89	-1.03	1.59	-1.43	0.403	-0.0582	0.0046	-0.000186	2.96E-06
"acetophenone"	"KWOLFJPFCHCOCG-UHFFFAOYSA-N"	0.45	-1.1	0.299	-0.0277	0.00264	0.000345	1.27E-05	-6.25E-08	-1.5E-08	-2.73E-10	-1.04	-1.1	2.1	-2.25	0.766	-0.136	0.0136	-0.00072	1.58E-05
"acrylonitrile"	"NLHHRLWOUZZQLW-UHFFFAOYSA-N"	0.45	-1.01	0.391	-0.0311	0.0234	0.00416	0.000339	1.52E-05	3.63E-07	3.61E-09	-0.951	-0.909	1.34	-1.15	0.297	-0.0375	0.00237	-6.11E-05	7.28E-08
"allyl alcohol"	"XXROGKLTLUQVRX-UHFFFAOYSA-N"	0.49	-0.952	-0.0382	-0.516	-0.29	-0.0732	-0.00856	-0.000518	-1.58E-05	-1.95E-07	-0.891	-1.05	2.01	-2.43	0.862	-0.158	0.0162	-0.000882	1.98E-05
"aminoethanol"	"HZAXFHJVJLSVMW-UHFFFAOYSA-N"	0.55	-0.801	0.323	-0.0342	-0.00395	-0.00708	-0.00113	-7.69E-05	-2.48E-06	-3.12E-08	-0.732	-1.38	2.54	-2.55	0.838	-0.145	0.0141	-0.000729	1.57E-05
"ammonia"	"QGZKDVFQNNGYKY-UHFFFAOYSA-N"	0.67	-0.922	0.578	-0.124	-0.000333	0.00186	0.000236	1.38E-05	4.01E-07	4.72E-09	-0.771	-2.05	4.85	-4.35	1.46	-0.261	0.0261	-0.00139	3.07E-05
"aniline"	"PAYRUJLWNCNPSJ-UHFFFAOYSA-N"	0.47	-0.973	0.488	0.187	0.112	0.0171	0.00132	5.7E-05	1.3E-06	1.22E-08	-0.983	-0.589	0.343	-0.29	-0.00642	0.0181	-0.00325	0.000238	-6.48E-06
"anisole"	"RDOXTESZEPMUJZ-UHFFFAOYSA-N"	0.46	-1.11	0.223	-0.021	0.00126	6.17E-05	-8.76E-06	-8.87E-07	-3.07E-08	-3.86E-10	-1.1	-0.563	0.00843	-0.193	0.0405	-0.00264	-0.00012	2.32E-05	-8.16E-07
"benzaldehyde"	"HUMNYLRZRPPJDN-UHFFFAOYSA-N"	0.46	-1.11	0.259	-0.0272	0.00418	0.000428	6.03E-06	-9.33E-07	-4.9E-08	-7.39E-10	-1.06	-0.88	1.36	-1.48	0.484	-0.0821	0.00779	-0.000394	8.28E-06
"benzene"	"UHOVQNZJYSORNB-UHFFFAOYSA-N"	0.44	-1.19	0.199	-0.0174	0.000834	4.65E-05	-5.26E-06	-5.37E-07	-1.82E-08	-2.23E-10	-1.19	-0.298	-0.0785	-0.00478	-0.00352	0.00132	-0.000169	9.99E-06	-2.3E-07
"benzonitrile"	"JFDZBHWFFUWGJE-UHFFFAOYSA-N"	0.45	-1.13	0.295	-0.0258	0.0115	0.00165	9.96E-05	2.9E-06	3.22E-08	-4.76E-11	-1.05	-1.1	1.84	-1.54	0.418	-0.058	0.00431	-0.000158	2.09E-06
"benzoyl bromide"	"AQIHMSVIAGNIDM-UHFFFAOYSA-N"	0.45	-1.14	0.282	-0.0255	0.00977	0.00119	5.23E-05	3.77E-07	-3.71E-08	-8.23E-10	-1.14	-0.276	-0.113	0.0627	-0.0863	0.0252	-0.0033	0.000208	-5.16E-06
"benzoyl chloride"	"PASDCCFISLVPSO-UHFFFAOYSA-N"	0.46	-1.15	0.266	-0.0259	0.00814	0.000915	3E-05	-5.94E-07	-5.93E-08	-1.03E-09	-1.14	-0.411	0.139	-0.111	-0.0514	0.0233	-0.00352	0.00024	-6.27E-06
"benzyl alcohol"	"WVDDGKGOMKODPV-UHFFFAOYSA-N"	0.48	-1.06	0.037	-0.393	-0.251	-0.068	-0.00821	-0.000506	-1.57E-05	-1.94E-07	-0.975	-1.47	2.71	-2.52	0.793	-0.132	0.0124	-0.000621	1.29E-05
"benzyl methyl ketone"	"QCCDLTOVEPVEJK-UHFFFAOYSA-N"	0.45	-1.07	0.296	-0.0282	0.00297	0.00036	1.1E-05	-2.56E-07	-2.23E-08	-3.7E-10	-1.01	-1.16	2.26	-2.51	0.876	-0.159	0.0162	-0.00087	1.93E-05
"benzylamine"	"WGQKYBSKWIADBV-UHFFFAOYSA-N"	0.46	-1.12	0.298	-0.0318	0.00373	-0.000579	-0.000148	-1.09E-05	-3.58E-07	-4.51E-09	-0.958	-2.21	4.75	-4.12	1.35	-0.234	0.0229	-0.0012	2.58E-05
"bis(2-chloroethyl) ether"	"ZNSMNVMLTJELDZ-UHFFFAOYSA-N"	0.48	-1.11	0.289	-0.0289	0.00502	0.000683	3.24E-05	4.38E-07	-1.26E-08	-3.47E-10	-1.03	-1.28	1.84	-1.46	0.374	-0.0471	0.00296	-7.36E-05	-3.18E-08
"bromobenzene"	"QARVLSVVCXYDNA-UHFFFAOYSA-N"	0.44	-1.21	0.23	-0.0252	0.00381	0.000358	6.96E-08	-1.21E-06	-5.59E-08	-8.09E-10	-1.21	-0.195	-0.0297	-0.00293	5.24E-07	-2.28E-06	6.12E-06	-6.36E-07	1.93E-08
"bromoform"	"DIKBFYAXUHHXCS-UHFFFAOYSA-N"	0.49	-1.23	0.444	-0.04	0.0289	0.00488	0.000385	1.7E-05	4.01E-07	3.98E-09	-1.24	-0.127	-0.0078	4.78E-05	-0.000167	4.42E-05	-5.61E-06	3.6E-07	-9.28E-09
"butanoic acid"	"FERIUCNNQQJTOY-UHFFFAOYSA-N"	0.47	-0.838	0.953	0.544	0.123	-0.000976	-0.00185	-0.000172	-6.49E-06	-9.06E-08	-0.977	-0.915	1.4	-1.55	0.51	-0.0868	0.00829	-0.000421	8.88E-06
"butyl acetate"	"DKPFZGUDAPQIHT-UHFFFAOYSA-N"	0.45	-1.15	0.218	-0.0156	0.000643	5.5E-05	-4.81E-07	-1.66E-07	-6.13E-09	-7.48E-11	-1.12	-0.856	1.5	-1.97	0.714	-0.132	0.0136	-0.000741	1.66E-05
"butyraldehyde"	"ZTQSAGDEMFDKMZ-UHFFFAOYSA-N"	0.44	-1.11	0.255	-0.0213	0.00108	3.49E-05	-9.49E-06	-8.34E-07	-2.73E-08	-3.31E-10	-1.08	-0.712	0.992	-1.35	0.476	-0.0854	0.00853	-0.000452	9.91E-06
"carbon disulfide"	"QGJOPFRUJISHPQ-UHFFFAOYSA-N"	0.5	-1.31	0.15	-0.0141	0.000353	-9.85E-05	-1.48E-05	-7.49E-07	-1.72E-08	-1.5E-10	-1.31	-1.33E-14	1.54E-14	-8.38E-15	2.52E-15	-4.46E-16	4.62E-17	-2.59E-18	6.06E-20
"carbon tetrachloride"	"VZGDMQKNWNREIO-UHFFFAOYSA-N"	0.45	-1.26	0.312	-0.032	0.00565	0.000884	5.41E-05	1.62E-06	2.01E-08	2.3E-11	-1.26	-0.0388	-0.00534	0.00185	-0.000348	2.57E-05	5.56E-07	-1.78E-07	6.83E-09
"chlorobenzene"	"MVPPADPHJFYWMZ-UHFFFAOYSA-N"	0.46	-1.22	0.21	-0.0237	0.00316	0.000163	-2.07E-05	-2.32E-06	-8.58E-08	-1.14E-09	-1.22	-0.212	-0.0356	-0.00291	-0.0003	7.37E-05	-8.89E-07	-3.6E-07	1.57E-08
"chloroform"	"HEDRZPFGACZZDS-UHFFFAOYSA-N"	0.45466667	-1.187073	0.451	0.142	0.0944	0.0142	0.00107	4.49E-05	9.88E-07	8.89E-09	-1.220126	-0.166	-0.00994	-0.000467	-2.68E-06	1.48E-05	-2.41E-06	1.74E-07	-4.82E-09
"cinnamaldehyde"	"KJPRLNWUNMBNBZ-QPJJXVBHSA-N"	0.48	-1.12	0.271	-0.0265	0.00703	0.000809	2.71E-05	-4.69E-07	-4.99E-08	-8.72E-10	-1.05	-1.19	2.37	-2.41	0.815	-0.144	0.0143	-0.000753	1.64E-05
"cis-decalin"	"NNBZCPXTIHJBJL-AOOOYVTPSA-N"	0.41	-1.25	0.151	-0.00323	0.000268	4.1E-05	3.22E-06	1.54E-07	4.07E-09	4.5E-11	-1.25	-0.0104	-0.000591	-0.000105	0.000101	-2.63E-05	3.26E-06	-1.99E-07	4.81E-09
"cis-perfluorodecalin"	"UWEYRJFJVCLAGH-XIXRPRMCSA-N"	0.35	-1.19	0.284	-0.0122	0.0182	0.00173	3.47E-05	-3.05E-06	-1.82E-07	-2.92E-09	-1.2	-0.0218	-0.00275	0.000941	-0.000209	2.47E-05	-1.49E-06	3.51E-08	8.79E-11
"cyclohexane"	"XDTMQSROBMDMFD-UHFFFAOYSA-N"	0.43	-1.26	0.157	-0.00326	0.000278	4.37E-05	3.48E-06	1.67E-07	4.44E-09	4.93E-11	-1.27	-0.00753	-0.000262	-9.61E-05	5.19E-05	-1.03E-05	1.01E-06	-5.02E-08	1E-09
"cyclohexanol"	"HPXRVTGHNJAIIH-UHFFFAOYSA-N"	0.48	-1.16	-0.365	-0.812	-0.415	-0.0965	-0.0108	-0.000639	-1.92E-05	-2.33E-07	-1.03	-1.15	2.51	-2.84	1.01	-0.186	0.0192	-0.00105	2.36E-05
"cyclohexanone"	"JHIVVAPYMSGYDF-UHFFFAOYSA-N"	0.45	-1.1	0.26	-0.0203	0.00103	0.000126	2.58E-06	-1.62E-07	-9.09E-09	-1.33E-10	-1.11	-0.474	1.1	-2.16	0.868	-0.172	0.0186	-0.00106	2.45E-05
"cyclopentanone"	"BGTOWKSIORTVQH-UHFFFAOYSA-N"	0.49	-1.1	0.274	-0.0222	0.00122	0.0002	9.21E-06	1.28E-07	-2.7E-09	-7.57E-11	-1.11	-0.476	1	-2.04	0.817	-0.162	0.0175	-0.00099	2.3E-05
"di-n-butylamine"	"JQVDAXLFBXTEQA-UHFFFAOYSA-N"	0.43	-1.21	0.141	-0.0205	-0.00206	-0.000253	4.54E-05	6.74E-06	2.98E-07	4.49E-09	-1.2	-0.929	3.56	-4.61	1.79	-0.353	0.0384	-0.00218	5.1E-05
"di-n-butylorthophthalate"	"DOIRQSBPFJWKBE-UHFFFAOYSA-N"	0.45	-1.14	0.184	-0.0149	0.000573	-3.2E-05	-6.31E-06	-2.73E-07	-4.46E-09	-1.67E-11	-1.13	-0.734	1.2	-1.96	0.75	-0.144	0.0152	-0.000846	1.94E-05
"di-n-propyl ether"	"POLCUAVZOMRGSN-UHFFFAOYSA-N"	0.44	-1.19	0.152	-0.00614	0.000327	3.85E-05	2.62E-06	1.28E-07	3.67E-09	4.39E-11	-1.17	-0.749	1.21	-1.75	0.647	-0.121	0.0126	-0.000687	1.55E-05
"dibenzyl ether"	"MHDVGSVTJDSBDK-UHFFFAOYSA-N"	0.45	-1.18	0.193	-0.0156	0.000657	2E-05	-5.49E-06	-4.52E-07	-1.39E-08	-1.6E-10	-1.17	-0.409	-0.00622	-0.0815	-0.0236	0.0123	-0.00189	0.000129	-3.35E-06
"dibromomethane"	"FJBFPHVGVWTDIP-UHFFFAOYSA-N"	0.53	-1.2	0.378	-0.00961	0.0355	0.00594	0.000474	2.09E-05	4.91E-07	4.8E-09	-1.2	-0.25	-0.0241	-0.00186	0.000233	-1.85E-05	2.09E-06	-1.49E-07	3.99E-09
"dibutyl ether"	"DURPTKYDGMDSBL-UHFFFAOYSA-N"	0.43	-1.2	0.157	-0.00521	0.000307	4.36E-05	3.26E-06	1.59E-07	4.36E-09	5.04E-11	-1.16	-0.888	1.58	-1.99	0.714	-0.131	0.0135	-0.000729	1.63E-05
"dibutyl sulfide"	"HTIRHQRTDBPHNZ-UHFFFAOYSA-N"	0.44	-1.23	0.181	-0.00802	0.000374	4.81E-05	3.07E-06	1.4E-07	3.9E-09	4.69E-11	-1.2	-0.476	0.512	-0.458	0.0779	-0.00114	-0.000994	0.000104	-3.26E-06
"dibutyl sulfoxide"	"LOWMYOWHQMKBTM-UHFFFAOYSA-N"	0.39	-1.1	0.257	-0.0198	0.000954	7.3E-05	-2.02E-06	-3.51E-07	-1.3E-08	-1.65E-10	-1.19	0.0248	1.66	-3.68	1.55	-0.32	0.0357	-0.00207	4.92E-05
"dichloroacetic acid"	"JXTHNDFMNIQAHM-UHFFFAOYSA-N"	0.53	-1.24	-0.0247	0.147	0.41	0.0922	0.00975	0.000553	1.62E-05	1.94E-07	-1.09	-0.17	-0.174	0.0923	-0.04	0.00649	-0.000467	1.29E-05	-1.59E-08
"dichloromethane"	"YMWUJEATGCHHMB-UHFFFAOYSA-N"	0.52	-1.18	0.365	0.0228	0.0449	0.00705	0.000538	2.26E-05	5.02E-07	4.59E-09	-1.19	-0.288	-0.0383	-0.00273	9.27E-05	5.07E-05	-5.32E-06	1.82E-07	-1.31E-09
"diethanolamine"	"ZBCBWPMODOFKDW-UHFFFAOYSA-N"	0.52	-0.68	0.437	0.114	0.00588	-0.0127	-0.00224	-0.000161	-5.39E-06	-7.03E-08	-0.757	-0.555	-0.00921	-0.969	0.405	-0.0808	0.0088	-0.000501	1.17E-05
"diethyl carbonate"	"OIFBSDVPJOWBCH-UHFFFAOYSA-N"	0.47	-1.07	0.276	-0.0177	0.000618	0.000123	6.72E-06	1.8E-07	2.2E-09	6.78E-12	-1.06	-0.685	0.6	-1.14	0.42	-0.0773	0.00788	-0.000425	9.47E-06
"diethyl ether"	"RTZKZFJDLAIYFH-UHFFFAOYSA-N"	0.41	-1.13	0.185	-0.00679	0.000351	5.21E-05	3.81E-06	1.82E-07	5E-09	5.83E-11	-1.13	-0.587	0.593	-1.43	0.568	-0.111	0.0118	-0.000659	1.51E-05
"diethyl malonate"	"IYXGSMUGOJNHAZ-UHFFFAOYSA-N"	0.46	-1.02	0.288	-0.0228	0.00122	0.000174	6.89E-06	2.69E-08	-4.95E-09	-9.63E-11	-1	-0.724	0.678	-1.31	0.492	-0.0922	0.00955	-0.000522	1.18E-05
"diethyl sulfate"	"DENRZWYUOJLTMF-UHFFFAOYSA-N"	0.46	-1.05	0.276	-0.0269	0.00273	0.000391	1.77E-05	1.9E-07	-8.59E-09	-2.06E-10	-1.03	-0.671	0.432	-0.751	0.25	-0.042	0.00393	-0.000196	4.07E-06
"diethyl sulfide"	"LJSQFQKUNVCTIA-UHFFFAOYSA-N"	0.46	-1.2	0.216	-0.0129	0.000498	5.75E-05	1.71E-06	4.71E-09	-6.43E-10	-8.35E-12	-1.18	-0.522	0.494	-0.556	0.141	-0.0167	0.000919	-1.43E-05	-3.49E-07
"diethyl sulfite"	"NVJBFARDFTXOTO-UHFFFAOYSA-N"	0.47	-1.07	0.265	-0.0199	0.00096	0.000111	1.87E-06	-1.66E-07	-8.53E-09	-1.21E-10	-1.06	-0.647	0.619	-1.26	0.479	-0.0903	0.00939	-0.000515	1.16E-05
"diethylamine"	"HPNMFZURTQLUMO-UHFFFAOYSA-N"	0.45	-1.17	0.18	-0.0335	-0.00681	-0.0015	-0.00011	-2.98E-06	-1.14E-10	8.62E-10	-1.2	-0.537	2.61	-4.02	1.61	-0.323	0.0354	-0.00203	4.77E-05
"diethylene glycol"	"MTHSVFCYNBDYFN-UHFFFAOYSA-N"	0.53	-0.82	0.126	-0.311	-0.235	-0.0674	-0.00833	-0.000521	-1.63E-05	-2.03E-07	-0.857	-0.751	0.322	-1.2	0.449	-0.0824	0.00839	-0.000453	1.01E-05
"diethylene glycol dimethyl ether"	"SBZXBUIDTXKZTM-UHFFFAOYSA-N"	0.47	-1.13	0.184	-0.00983	0.000433	4.08E-05	1.72E-06	6.58E-08	2.02E-09	2.81E-11	-1.13	-0.614	0.128	-0.807	0.321	-0.0614	0.00643	-0.000354	8.02E-06
"dihydrolevoglucosenone"	"WHIRALQRTSITMI-UJURSFKZSA-N"	0.49	-0.937	0.341	-0.0346	0.00521	0.00086	5.59E-05	1.86E-06	2.97E-08	1.57E-10	-0.922	-0.685	0.691	-1.27	0.47	-0.0873	0.00897	-0.000487	1.09E-05
"diisopropyl ether"	"ZAFNJMIOTHYJRJ-UHFFFAOYSA-N"	0.4	-1.15	0.17	-0.00739	0.000364	4.34E-05	2.77E-06	1.31E-07	3.74E-09	4.54E-11	-1.14	-0.67	1.16	-1.88	0.717	-0.137	0.0145	-0.000805	1.84E-05
"diisopropyl sulfide"	"XYWDPYKBIRQXQS-UHFFFAOYSA-N"	0.41	-1.19	0.192	-0.0109	0.000454	4.22E-05	1.31E-06	2.88E-08	8.25E-10	1.39E-11	-1.16	-0.474	0.431	-0.438	0.0863	-0.00491	-0.000419	6.39E-05	-2.2E-06
"dimethyl carbonate"	"IEJIGPNLZYLLBP-UHFFFAOYSA-N"	0.48	-0.921	0.333	-0.028	0.00164	0.000352	2.4E-05	8.43E-07	1.51E-08	1.05E-10	-0.917	-0.661	0.113	-0.728	0.283	-0.0531	0.00548	-0.000298	6.68E-06
"dimethyl sulfate"	"VAYGXNSJCAHWJZ-UHFFFAOYSA-N"	0.49	-1.04	0.281	-0.0261	0.0122	0.0018	0.000114	3.68E-06	5.3E-08	1.81E-10	-1.02	-0.587	0.243	-0.514	0.164	-0.0261	0.00231	-0.000108	2.11E-06
"dimethyl sulfide"	"QMMFVYPAHWMCMS-UHFFFAOYSA-N"	0.45	-1.12	0.275	-0.0237	0.00152	0.000249	1.2E-05	1.9E-07	-2.67E-09	-8.95E-11	-1.1	-0.527	0.37	-0.541	0.158	-0.023	0.00182	-7.42E-05	1.2E-06
"dimethylcyanamide"	"OAGOUCJGXNLJNL-UHFFFAOYSA-N"	0.5	-0.982	0.333	-0.0367	0.0106	0.00193	0.00015	6.35E-06	1.42E-07	1.31E-09	-0.94	-0.988	1.89	-2.27	0.812	-0.15	0.0154	-0.000833	1.87E-05
"dimethylphthalate"	"NIQCNGHVCWTJSM-UHFFFAOYSA-N"	0.45	-1.02	0.258	-0.0256	0.00248	0.000263	3.53E-06	-5.66E-07	-2.89E-08	-4.28E-10	-0.997	-0.788	0.673	-1.15	0.411	-0.0743	0.00746	-0.000397	8.75E-06
"dimethylsulfoxide"	"IAZDPXIOMUYVGZ-UHFFFAOYSA-N"	0.51	-0.891	0.468	-0.0605	0.00608	0.00167	0.000158	7.86E-06	2.05E-07	2.21E-09	-0.842	-1.42	4.3	-4.87	1.82	-0.351	0.0375	-0.00211	4.88E-05
"diphenyl ether"	"USIUVYZYUHIAEV-UHFFFAOYSA-N"	0.44	-1.17	0.196	-0.0186	0.000975	3.18E-05	-9.29E-06	-8.25E-07	-2.73E-08	-3.33E-10	-1.17	-0.346	-0.142	0.0329	-0.032	0.00841	-0.00101	5.92E-05	-1.38E-06
"diphenyl ketone"	"RWCCWEUUXYIKHB-UHFFFAOYSA-N"	0.45	-1.14	0.231	-0.0225	0.0016	7.3E-05	-1.22E-05	-1.22E-06	-4.27E-08	-5.44E-10	-1.08	-1.18	2.35	-2.54	0.884	-0.16	0.0162	-0.000871	1.93E-05
"ethanol"	"LFQSCWFLJHTTHZ-UHFFFAOYSA-N"	0.51	-0.97	-0.158	-0.639	-0.338	-0.0817	-0.00935	-0.000558	-1.69E-05	-2.06E-07	-0.919	-0.667	1.4	-2.25	0.86	-0.166	0.0176	-0.000987	2.27E-05
"ethyl acetate"	"XEKOWRVHYACXOJ-UHFFFAOYSA-N"	0.44	-1.05	0.29	-0.0213	0.000956	0.000169	8.63E-06	1.84E-07	4.58E-10	-2.74E-11	-1.03	-0.768	1.11	-1.71	0.636	-0.119	0.0124	-0.000679	1.53E-05
"ethyl acetoacetate"	"XYIBRDXRRQCHLP-UHFFFAOYSA-N"	0.47	-1.08	0.284	-0.0269	0.00246	0.000234	2.17E-07	-7.31E-07	-3.31E-08	-4.71E-10	-1.04	-0.861	1.27	-1.58	0.544	-0.0965	0.00957	-0.000504	1.1E-05
"ethyl benzoate"	"MTZQAGJQAFMTAQ-UHFFFAOYSA-N"	0.44	-1.13	0.241	-0.019	0.000915	7.06E-05	-2.45E-06	-3.81E-07	-1.39E-08	-1.75E-10	-1.07	-1.01	1.6	-1.74	0.578	-0.1	0.00971	-0.000501	1.07E-05
"ethyl chloroacetate"	"VEUUMBGHMNQHGO-UHFFFAOYSA-N"	0.51	-1.14	0.34	-0.034	0.00583	0.000777	3.84E-05	6.72E-07	-7.49E-09	-2.98E-10	-1.12	-0.434	0.161	-0.143	-0.038	0.0206	-0.00322	0.000223	-5.87E-06
"ethyl formate"	"WBJINCZRORDGAQ-UHFFFAOYSA-N"	0.45	-1.01	0.3	-0.0259	0.00171	0.000288	1.56E-05	3.56E-07	1.27E-09	-5.12E-11	-0.99	-0.761	0.817	-1.34	0.489	-0.0898	0.00916	-0.000494	1.1E-05
"ethyl phenyl ether"	"DLRJIFUOBPOJNS-UHFFFAOYSA-N"	0.45	-1.13	0.219	-0.0171	0.000758	5.24E-05	-2.53E-06	-3.26E-07	-1.13E-08	-1.38E-10	-1.12	-0.502	0.0111	-0.171	0.029	-9.25E-05	-0.00041	4E-05	-1.21E-06
"ethyl phenyl ketone"	"KRIOVPPHQSLHCZ-UHFFFAOYSA-N"	0.45	-1.14	0.246	-0.0234	0.00163	3.76E-05	-1.73E-05	-1.53E-06	-5.16E-08	-6.46E-10	-1.07	-1.13	2.09	-2.17	0.724	-0.127	0.0124	-0.000648	1.4E-05
"ethyl propionate"	"FKRCODPIKNYEAC-UHFFFAOYSA-N"	0.46	-1.14	0.216	-0.0152	0.000627	4.87E-05	-1.25E-06	-2.03E-07	-7.01E-09	-8.31E-11	-1.12	-0.763	1.18	-1.78	0.661	-0.124	0.0129	-0.000708	1.6E-05
"ethyl trichloroacetate"	"SJMLNDPIJZBEKY-UHFFFAOYSA-N"	0.46	-1.16	0.302	-0.0314	0.00534	0.000839	5.13E-05	1.52E-06	1.86E-08	1.62E-11	-1.15	-0.269	-0.155	0.213	-0.183	0.0499	-0.00641	0.000403	-1E-05
"ethylbenzene"	"YNQLUTRBYVCPMQ-UHFFFAOYSA-N"	0.43	-1.2	0.197	-0.0124	0.000494	4.34E-05	3.47E-07	-5.41E-08	-1.9E-09	-1.92E-11	-1.2	-0.244	-0.0822	0.00471	-0.00891	0.00241	-0.000278	1.54E-05	-3.41E-07
"ethylene carbonate"	"KMTRUDSVKNLOMY-UHFFFAOYSA-N"	0.55	-0.816	0.495	-0.121	0.0089	0.00367	0.000407	2.27E-05	6.46E-07	7.49E-09	-0.726	-1.16	1.87	-1.6	0.423	-0.0565	0.00398	-0.000133	1.41E-06
"ethylene glycol"	"LYCAIKOWRPUZTN-UHFFFAOYSA-N"	0.6	-0.477	0.263	-0.216	-0.177	-0.054	-0.00683	-0.000432	-1.36E-05	-1.7E-07	-0.545	-0.521	-0.357	-0.91	0.397	-0.0793	0.00856	-0.000484	1.12E-05
"ethylenediamine"	"PIICEJLVQHRZGT-UHFFFAOYSA-N"	0.54	-0.922	0.366	-0.0192	0.0223	0.00361	0.00027	1.1E-05	2.35E-07	2.06E-09	-0.896	-1.17	3.7	-4.42	1.67	-0.324	0.0348	-0.00196	4.55E-05
"fluorobenzene"	"PYLWMHQQBFSUBP-UHFFFAOYSA-N"	0.42	-1.21	0.211	-0.0232	0.00245	0.000164	-1.09E-05	-1.46E-06	-5.58E-08	-7.45E-10	-1.21	-0.162	-0.0339	-0.00335	-0.000428	-8.29E-06	1.98E-05	-2.02E-06	6.15E-08
"formamide"	"ZHNUHDYFZUAESO-UHFFFAOYSA-N"	0.58	-0.489	0.637	0.395	0.214	0.0343	0.00286	0.000134	3.36E-06	3.49E-08	-0.365	-2.41	5	-3.97	1.22	-0.201	0.0186	-0.000914	1.86E-05
"formic acid"	"BDAGIHXWWSANSR-UHFFFAOYSA-N"	0.62	-0.877	0.965	0.933	0.518	0.0944	0.00893	0.00047	1.3E-05	1.49E-07	-0.955	-0.222	-0.244	0.325	-0.246	0.0653	-0.0083	0.00052	-1.29E-05
"furan"	"YLQBMQCUIZJEEH-UHFFFAOYSA-N"	0.46	-1.16	0.231	-0.0251	0.00579	0.000597	1.08E-05	-1.14E-06	-6.41E-08	-9.95E-10	-1.16	-0.292	-0.127	0.0206	-0.0322	0.00928	-0.00117	7.13E-05	-1.71E-06
"gamma-butyrolactone"	"YEJRWHAVMIAJKC-UHFFFAOYSA-N"	0.52	-0.916	0.322	-0.0354	0.00932	0.00168	0.000128	5.27E-06	1.14E-07	1.02E-09	-0.905	-0.727	1.18	-1.97	0.74	-0.14	0.0147	-0.000814	1.86E-05
"glycerol"	"PEDCQBHIVMGVHV-UHFFFAOYSA-N"	0.59	-0.576	-0.445	-0.773	-0.403	-0.0953	-0.0108	-0.00064	-1.93E-05	-2.35E-07	-0.574	-0.458	-2.75	0.617	-0.0528	-0.00488	0.00147	-0.000119	3.38E-06
"heptanoic acid"	"MNWFXJYAOYHMED-UHFFFAOYSA-N"	0.47	-0.945	1.35	1.12	0.412	0.0581	0.00431	0.000177	3.76E-06	3.2E-08	-1.13	-0.416	0.162	0.334	-0.373	0.109	-0.0146	0.000948	-2.42E-05
"hexafluorobenzene"	"ZQBFAOFFOQMSGJ-UHFFFAOYSA-N"	0.43	-1.24	0.222	-0.0247	0.00381	0.000361	2.81E-07	-1.21E-06	-5.59E-08	-8.1E-10	-1.24	-0.0896	-0.00627	0.00109	-0.0005	0.000107	-1.26E-05	7.65E-07	-1.89E-08
"hexamethylphosphoric triamide"	"GNOIPBMMFNIUFM-UHFFFAOYSA-N"	0.42	-1.07	0.208	-0.013	0.000375	1.54E-05	-2.3E-06	-1.9E-07	-5.6E-09	-6.14E-11	-1.32	1.88	-2.79	-1.36	0.906	-0.215	0.0259	-0.00158	3.89E-05
"hexanoic acid"	"FUZZWVXGSFPDMH-UHFFFAOYSA-N"	0.45	-0.908	0.891	0.494	0.0925	-0.00788	-0.00261	-0.000217	-7.84E-06	-1.07E-07	-1.03	-1.01	1.71	-1.67	0.522	-0.085	0.00776	-0.000377	7.6E-06
"hydrazine"	"OAKJQQAXSVQMHS-UHFFFAOYSA-N"	0.73	-0.639	0.546	-0.12	0.00359	0.00253	0.000296	1.68E-05	4.82E-07	5.61E-09	-0.575	-1.38	4.01	-4.42	1.63	-0.311	0.033	-0.00184	4.24E-05
"hydrogen fluoride"	"KRHYYFGTRYWZRS-UHFFFAOYSA-N"	0.48	-0.876	-2.1	-2.12	-0.279	-0.0144	0.000387	8.06E-05	3.48E-06	5.1E-08	-0.434	0.0456	-0.38	0.337	-0.18	0.041	-0.00474	0.000276	-6.46E-06
"hydrogen peroxide"	"MHAJPDPJQMAIIY-UHFFFAOYSA-N"	0.71	-0.105	0.136	0.311	0.333	0.0689	0.00697	0.000384	1.1E-05	1.3E-07	-0.0683	-1.27	-0.558	0.0392	0.0202	-0.00612	0.000758	-4.56E-05	1.09E-06
"iodobenzene"	"SNHMUERNLJLMHN-UHFFFAOYSA-N"	0.45	-1.21	0.233	-0.0254	0.00517	0.000574	1.48E-05	-7.13E-07	-4.82E-08	-7.77E-10	-1.22	-0.196	-0.0237	-0.00228	0.000199	-2.46E-05	4.43E-06	-3.45E-07	9.4E-09
"isopentyl acetate"	"MLFHJEHSLIIPHL-UHFFFAOYSA-N"	0.42	-1.14	0.219	-0.0156	0.000644	4.54E-05	-1.17E-06	-1.84E-07	-6.21E-09	-7.24E-11	-1.1	-0.916	1.66	-2.04	0.724	-0.133	0.0135	-0.000729	1.63E-05
"isopropylbenzene"	"RWGFKTVRMDUZSP-UHFFFAOYSA-N"	0.43	-1.21	0.188	-0.012	0.000486	3.44E-05	-3.26E-07	-7.45E-08	-2.13E-09	-1.89E-11	-1.21	-0.214	-0.0801	0.00985	-0.0102	0.00246	-0.000265	1.39E-05	-2.91E-07
"meta-cresol"	"RLSSMJSEOOYNOY-UHFFFAOYSA-N"	0.48	-0.861	1.38	1.33	0.57	0.0936	0.0082	0.000404	1.06E-05	1.15E-07	-1.07	-0.436	0.0078	-0.116	-0.00259	0.0073	-0.00129	9.22E-05	-2.46E-06
"meta-dichlorobenzene"	"ZPQOPVIELGIULI-UHFFFAOYSA-N"	0.47	-1.23	0.245	-0.0232	0.00567	0.000228	-4.44E-05	-4.68E-06	-1.73E-07	-2.32E-09	-1.23	-0.176	-0.0187	-0.000949	-5.61E-05	2E-05	-1.52E-06	6.16E-08	-1.29E-09
"meta-xylene"	"IVSZLXZYQVIEFR-UHFFFAOYSA-N"	0.43	-1.18	0.203	-0.0124	0.00047	5.6E-05	1.63E-06	-7.99E-11	-8.09E-10	-1.06E-11	-1.18	-0.3	-0.088	-0.00672	-0.00541	0.00205	-0.000272	1.66E-05	-3.93E-07
"methanesulfonic acid"	"AFVFQIVMOAPDHO-UHFFFAOYSA-N"	0.56	-0.459	1.56	1.17	0.411	0.0503	0.00296	7.81E-05	3.77E-07	-1.3E-08	-0.737	-0.705	0.475	-0.801	0.268	-0.0453	0.00427	-0.000214	4.47E-06
"methanol"	"OKKJLVBELUTLKV-UHFFFAOYSA-N"	0.57	-0.896	-0.299	-0.74	-0.382	-0.0901	-0.0102	-0.000604	-1.82E-05	-2.21E-07	-0.882	-0.146	-0.344	-1.24	0.573	-0.12	0.0135	-0.000783	1.85E-05
"methyl acetate"	"KXKVLQRXCPHEJC-UHFFFAOYSA-N"	0.46	-1.01	0.301	-0.0258	0.00169	0.000295	1.64E-05	4.01E-07	2.54E-09	-3.67E-11	-0.99	-0.738	0.831	-1.46	0.546	-0.103	0.0106	-0.000582	1.31E-05
"methyl benzoate"	"QPJVMBTYPHYUOC-UHFFFAOYSA-N"	0.45	-1.12	0.242	-0.0217	0.00132	8.58E-05	-6.3E-06	-7.62E-07	-2.75E-08	-3.52E-10	-1.07	-0.945	1.32	-1.46	0.478	-0.0809	0.00768	-0.000388	8.14E-06
"methyl formate"	"TZIHFWKZFHZASV-UHFFFAOYSA-N"	0.48	-0.939	0.304	-0.0311	0.00437	0.000702	4.26E-05	1.25E-06	1.49E-08	6.7E-12	-0.928	-0.732	0.468	-1.06	0.395	-0.0732	0.0075	-0.000406	9.08E-06
"methyl orthoacetate"	"HDPNBNXLBDFELL-UHFFFAOYSA-N"	0.39	-1.07	0.2	-0.0118	0.000477	4.04E-05	6.04E-07	-2.14E-08	-7.04E-10	-3.9E-12	-1.07	-0.645	0.461	-1.18	0.459	-0.0877	0.0092	-0.000508	1.15E-05
"methyl orthoformate"	"PYOKUURKVVELLB-UHFFFAOYSA-N"	0.44	-1.1	0.218	-0.0137	0.000544	5.2E-05	5.93E-07	-6.47E-08	-2.62E-09	-3.05E-11	-1.1	-0.554	0.405	-1.18	0.469	-0.0908	0.00962	-0.000535	1.22E-05
"methyl propionate"	"RJUFJBKOKNCXHH-UHFFFAOYSA-N"	0.45	-1.09	0.227	-0.0184	0.000866	3.56E-05	-6.24E-06	-5.7E-07	-1.86E-08	-2.23E-10	-1.07	-0.707	0.838	-1.49	0.565	-0.107	0.0112	-0.000613	1.39E-05
"methylene iodide"	"NZZFYRREKKOMAT-UHFFFAOYSA-N"	0.54	-1.25	0.394	-0.0356	0.03	0.00574	0.000504	2.43E-05	6.21E-07	6.59E-09	-1.25	-0.159	-0.0115	-0.00084	8.03E-05	-3.55E-06	-8.37E-08	2.73E-08	-1.16E-09
"methylphenylamine"	"AFBPFSWMIHJQDM-UHFFFAOYSA-N"	0.46	-1.01	0.291	0.0126	-0.000309	-0.00684	-0.00115	-8.05E-05	-2.65E-06	-3.4E-08	-1.03	-0.615	-0.0368	-0.205	0.0449	-0.00356	1.17E-06	1.49E-05	-5.92E-07
"morpholine"	"YNAVUWVOSKDBBP-UHFFFAOYSA-N"	0.5	-1.05	0.144	-0.0876	-0.0286	-0.00607	-0.000565	-2.65E-05	-6.19E-07	-5.69E-09	-1.07	-0.323	0.183	-1.59	0.69	-0.141	0.0155	-0.00089	2.09E-05
"n-butyl iodide"	"KMGBZBJJOKUPIA-UHFFFAOYSA-N"	0.47	-1.22	0.275	-0.0239	0.00145	0.000139	4.65E-07	-3.69E-07	-1.64E-08	-2.29E-10	-1.22	-0.179	-0.0439	-0.00135	-0.00183	0.000378	-2.58E-05	5.06E-07	7.08E-09
"n-butylamine"	"HQABUPZFAYXKJW-UHFFFAOYSA-N"	0.47	-1.16	0.201	-0.0357	-0.00579	-0.00277	-0.000373	-2.3E-05	-6.91E-07	-8.24E-09	-1.09	-1.66	4.81	-5.16	1.9	-0.363	0.0386	-0.00216	4.98E-05
"n-butyronitrile"	"KVNRLNFWIYMESJ-UHFFFAOYSA-N"	0.46	-1.09	0.342	-0.0357	0.00597	0.000961	6.28E-05	2.13E-06	3.54E-08	2.03E-10	-1.01	-1.2	2.14	-1.92	0.576	-0.0906	0.00797	-0.000371	7.14E-06
"n-decane"	"DIOQZVSQGTUSAI-UHFFFAOYSA-N"	0.43	-1.26	0.13	-0.00382	0.000273	3.7E-05	2.86E-06	1.41E-07	3.84E-09	4.37E-11	-1.26	-0.0139	-0.000931	-5.43E-05	0.000113	-3.25E-05	4.23E-06	-2.66E-07	6.61E-09
"n-dodecane"	"SNRUBQQJIBEYMU-UHFFFAOYSA-N"	0.43	-1.26	0.118	-0.0037	0.000263	3.34E-05	2.57E-06	1.28E-07	3.51E-09	4.01E-11	-1.26	-0.0144	-0.000985	-4.75E-05	0.000115	-3.36E-05	4.4E-06	-2.78E-07	6.92E-09
"n-heptane"	"IMNFDUFMRHMDMM-UHFFFAOYSA-N"	0.41	-1.25	0.131	-0.00412	0.000283	3.8E-05	2.92E-06	1.45E-07	4.01E-09	4.61E-11	-1.25	-0.0148	-0.000917	-8.46E-05	0.000122	-3.37E-05	4.28E-06	-2.65E-07	6.51E-09
"n-hexadecane"	"DCAYPVUWAIABOU-UHFFFAOYSA-N"	0.41933333	-1.256501	0.13	-0.00357	0.000263	3.6E-05	2.77E-06	1.35E-07	3.62E-09	4.07E-11	-1.257667	-0.0134	-0.00101	2.99E-06	9.53E-05	-3E-05	4.04E-06	-2.61E-07	6.57E-09
"n-hexane"	"VLKZOEOYAKHREP-UHFFFAOYSA-N"	0.41	-1.25	0.125	-0.00425	0.000284	3.64E-05	2.78E-06	1.4E-07	3.91E-09	4.54E-11	-1.25	-0.0126	-0.000815	-5.98E-05	0.000102	-2.87E-05	3.68E-06	-2.3E-07	5.67E-09
"N-methyl pyrrolidinone"	"SECXISVLQFMRJM-UHFFFAOYSA-N"	0.48	-1.05	0.281	-0.0227	0.00132	0.000198	8.03E-06	3.89E-08	-5.53E-09	-1.1E-10	-1.14	0.203	0.221	-2.33	1.05	-0.221	0.025	-0.00146	3.48E-05
"N-methylacetamide"	"OHLUUHNLEMFGTQ-UHFFFAOYSA-N"	0.52	-1.06	-0.163	-0.492	-0.183	-0.0345	-0.0032	-0.000157	-3.94E-06	-3.98E-08	-0.971	-0.756	2.69	-3.82	1.5	-0.296	0.0321	-0.00183	4.28E-05
"N-methylformamide"	"ATHHXGZTWNVVOU-UHFFFAOYSA-N"	0.56	-1	-0.216	-0.554	-0.231	-0.049	-0.00511	-0.000283	-8.04E-06	-9.25E-08	-0.917	-0.75	2.11	-3.09	1.2	-0.234	0.0252	-0.00143	3.31E-05
"n-octane"	"TVMXDCGIABBOFY-UHFFFAOYSA-N"	0.43	-1.26	0.13	-0.00398	0.000278	3.74E-05	2.88E-06	1.43E-07	3.91E-09	4.48E-11	-1.26	-0.013	-0.000852	-6.15E-05	0.000107	-3.02E-05	3.89E-06	-2.43E-07	6.01E-09
"n-pentane"	"OFBQJSOFQDEBGM-UHFFFAOYSA-N"	0.4	-1.24	0.155	-0.00426	0.000297	4.49E-05	3.52E-06	1.72E-07	4.68E-09	5.33E-11	-1.24	-0.0142	-0.000865	-9.51E-05	0.000123	-3.34E-05	4.23E-06	-2.61E-07	6.39E-09
"n-perfluorohexane"	"ZJIJAJXFLBMLCK-UHFFFAOYSA-N"	0.36	-1.21	0.247	-0.025	0.00777	0.000868	2.76E-05	-6.42E-07	-5.89E-08	-1.01E-09	-1.21	-0.0173	-0.000975	-1.51E-05	7.69E-05	-2.14E-05	2.68E-06	-1.64E-07	3.99E-09
"n-propyl acetate"	"YKYONYBAUNKHLG-UHFFFAOYSA-N"	0.46	-1.13	0.242	-0.0182	0.00082	8.51E-05	5.86E-07	-1.85E-07	-8.13E-09	-1.09E-10	-1.1	-0.823	1.36	-1.88	0.685	-0.127	0.0131	-0.000717	1.61E-05
"N,N-diethylacetamide"	"AJFDBNQQDYLMJN-UHFFFAOYSA-N"	0.45	-1.08	0.247	-0.0224	0.0014	5.02E-05	-1.27E-05	-1.18E-06	-4.05E-08	-5.09E-10	-1.16	0.0388	0.975	-2.89	1.24	-0.257	0.0288	-0.00167	3.97E-05
"N,N-diethylformamide"	"SUAKHGWARZSWIH-UHFFFAOYSA-N"	0.45	-1.06	0.282	-0.0251	0.00196	0.000222	3.53E-06	-4.23E-07	-2.23E-08	-3.31E-10	-1.11	-0.211	1.32	-2.92	1.21	-0.247	0.0273	-0.00158	3.71E-05
"N,N-dimethylacetamide"	"FXHOOIRPVKKKFG-UHFFFAOYSA-N"	0.47	-1.01	0.319	-0.0279	0.00234	0.000314	1.26E-05	2.98E-08	-1.07E-08	-2.09E-10	-1.05	-0.329	1.46	-2.97	1.22	-0.246	0.027	-0.00155	3.65E-05
"N,N-dimethylaniline"	"JLTDJTHDQAWBAV-UHFFFAOYSA-N"	0.45	-1.13	0.187	-0.0177	0.000476	-0.000113	-1.85E-05	-1.02E-06	-2.56E-08	-2.52E-10	-1.13	-0.527	-0.0641	-0.153	0.0446	-0.00588	0.0004	-1.29E-05	1.31E-07
"N,N-dimethylformamide"	"ZMXDDKWLCZADIW-UHFFFAOYSA-N"	0.52	-0.995	0.339	-0.0303	0.00256	0.00041	2.29E-05	5.78E-07	4.03E-09	-4.88E-11	-1.03	-0.421	1.37	-2.76	1.12	-0.225	0.0247	-0.00141	3.31E-05
"N,N-dimethylthioformamide"	"SKECXRFZFFAANN-UHFFFAOYSA-N"	0.51	-0.87	0.409	-0.0449	0.011	0.00216	0.000178	8.02E-06	1.92E-07	1.91E-09	-0.842	-0.784	0.807	-1.1	0.361	-0.0608	0.00576	-0.000291	6.11E-06
"nitrobenzene"	"LQNUZADURLCDLV-UHFFFAOYSA-N"	0.49	-1.15	0.305	-0.0294	0.0113	0.00172	0.000112	3.75E-06	5.97E-08	2.99E-10	-1.12	-0.573	0.721	-0.684	0.165	-0.018	0.000789	4.94E-06	-1.01E-06
"nitroethane"	"MCSAJNNLRCFZED-UHFFFAOYSA-N"	0.51	-1.04	0.455	-0.0566	0.00661	0.00169	0.000155	7.55E-06	1.94E-07	2.06E-09	-1.03	-0.38	0.0427	-0.129	-0.00809	0.00966	-0.00163	0.000116	-3.08E-06
"nitromethane"	"LYGJENNIWJXYER-UHFFFAOYSA-N"	0.56	-0.975	0.517	-0.125	0.00679	0.00329	0.000374	2.1E-05	6.03E-07	7.01E-09	-0.946	-0.44	0.395	-0.412	0.0799	-0.00416	-0.000457	6.42E-05	-2.17E-06
"o-chloroaniline"	"AKCRQHGQIJBRMN-UHFFFAOYSA-N"	0.47	-1.05	0.516	0.231	0.14	0.022	0.00179	8.14E-05	1.97E-06	1.98E-08	-1.1	-0.215	-0.328	0.279	-0.176	0.0434	-0.00527	0.000318	-7.67E-06
"ortho-cresol"	"QWVGKYWNOKOFNN-UHFFFAOYSA-N"	0.48	-0.91	1.16	1.01	0.435	0.0693	0.00588	0.000281	7.14E-06	7.54E-08	-1.07	-0.394	0.0567	-0.157	0.00972	0.00539	-0.00112	8.53E-05	-2.34E-06
"ortho-dichlorobenzene"	"RFFLAFLAYFXFSW-UHFFFAOYSA-N"	0.44	-1.19	0.22	-0.0216	0.00677	0.000404	-3.16E-05	-4.21E-06	-1.65E-07	-2.27E-09	-1.19	-0.253	-0.0478	-0.00203	-0.0014	0.000249	-1.09E-05	-2.64E-07	2.2E-08
"ortho-xylene"	"CTQNGGLPUBDAKN-UHFFFAOYSA-N"	0.44	-1.2	0.19	-0.0131	0.00051	4.44E-05	-3.45E-07	-1.18E-07	-4.12E-09	-4.71E-11	-1.2	-0.25	-0.0913	0.00171	-0.0109	0.00331	-0.000412	2.44E-05	-5.67E-07
"p-chloroacetophenone"	"BUZYGTVTZYSBCU-UHFFFAOYSA-N"	0.46	-1.13	0.32	-0.0316	0.00615	0.000796	3.7E-05	4.66E-07	-1.61E-08	-4.22E-10	-1.06	-0.977	1.5	-1.25	0.318	-0.0398	0.00249	-6.21E-05	-1.24E-08
"p-methoxybenzaldehyde"	"ZRSNZINYAWTAHE-UHFFFAOYSA-N"	0.47	-1.06	0.31	-0.0296	0.00665	0.000757	2.44E-05	-5.03E-07	-4.85E-08	-8.33E-10	-0.994	-1.15	2	-2.02	0.662	-0.114	0.0109	-0.00056	1.19E-05
"para-cresol"	"IWDCLRJOBJJRNH-UHFFFAOYSA-N"	0.47	-0.859	1.38	1.33	0.569	0.0931	0.00813	0.0004	1.05E-05	1.14E-07	-1.07	-0.442	0.011	-0.117	-0.00365	0.0077	-0.00134	9.61E-05	-2.56E-06
"para-xylene"	"URLKBWYHVLBVBO-UHFFFAOYSA-N"	0.43	-1.19	0.201	-0.0123	0.000466	5.48E-05	1.59E-06	1.36E-09	-7.06E-10	-8.95E-12	-1.19	-0.265	-0.0893	0.00243	-0.00996	0.00293	-0.000358	2.09E-05	-4.79E-07
"pentachloroethane"	"BNIXVQGCZULYKV-UHFFFAOYSA-N"	0.44	-1.21	0.381	0.0113	0.0314	0.00313	7.95E-05	-4.4E-06	-3.01E-07	-5.01E-09	-1.22	-0.128	-0.0102	0.00117	-0.00057	0.000119	-1.36E-05	8.11E-07	-1.98E-08
"pentanoic acid"	"NQPDZGIKBAWPEJ-UHFFFAOYSA-N"	0.46	-0.885	0.892	0.509	0.0995	-0.00652	-0.00247	-0.000209	-7.63E-06	-1.05E-07	-1.02	-0.962	1.57	-1.65	0.536	-0.0904	0.00857	-0.000432	9.04E-06
"perfluoroheptane"	"LGUZHRODIJCVOC-UHFFFAOYSA-N"	0.36	-1.21	0.261	-0.0264	0.00732	0.000859	3.16E-05	-2.5E-07	-4.45E-08	-8.18E-10	-1.21	-0.0183	-0.00094	-8.78E-05	0.000107	-2.72E-05	3.26E-06	-1.93E-07	4.58E-09
"perfluoromethylcyclohexane"	"QIROQPWSJUXOJC-UHFFFAOYSA-N"	0.31	-1.16	0.265	-0.0153	0.0149	0.00155	4.53E-05	-1.54E-06	-1.22E-07	-2.07E-09	-1.16	-0.0205	-0.00108	-9.29E-05	0.000124	-3.21E-05	3.89E-06	-2.33E-07	5.57E-09
"perfluorooctane"	"YVBBRRALBYAZBM-UHFFFAOYSA-N"	0.36	-1.21	0.257	-0.0251	0.0081	0.000938	3.37E-05	-3.53E-07	-5.18E-08	-9.38E-10	-1.21	-0.016	-0.000811	-7.5E-05	8.93E-05	-2.25E-05	2.67E-06	-1.58E-07	3.72E-09
"phenol"	"ISWSIDIOOBJBQZ-UHFFFAOYSA-N"	0.49	-0.887	1.25	1.24	0.578	0.0991	0.00899	0.000458	1.24E-05	1.38E-07	-1.05	-0.394	-0.00435	-0.113	0.00178	0.00563	-0.00104	7.6E-05	-2.04E-06
"phenylacetonitrile"	"SUSQOBVLVYHIEX-UHFFFAOYSA-N"	0.46	-1.13	0.305	-0.0289	0.0101	0.00129	6.43E-05	1.12E-06	-1.42E-08	-5.44E-10	-1.06	-0.984	1.45	-1.11	0.249	-0.0236	0.000523	5.9E-05	-3E-06
"phosphorus oxychloride"	"XHXFXVLFKHQFAL-UHFFFAOYSA-N"	0.47	-1.09	0.428	-0.056	0.0197	0.00415	0.000376	1.84E-05	4.79E-07	5.15E-09	-1.07	-0.35	0.273	-0.242	0.00627	0.0112	-0.00216	0.000162	-4.46E-06
"piperidine"	"NQRYJNQNLNOLGT-UHFFFAOYSA-N"	0.44	-1.16	0.126	-0.0599	-0.0187	-0.00406	-0.000369	-1.65E-05	-3.58E-07	-2.95E-09	-1.2	-0.381	2.31	-3.84	1.56	-0.314	0.0346	-0.00199	4.69E-05
"propanoic acid"	"XBDQKXXYIPTUBI-UHFFFAOYSA-N"	0.49	-0.782	0.995	0.596	0.143	0.00211	-0.00159	-0.00016	-6.18E-06	-8.74E-08	-0.945	-0.855	1.14	-1.45	0.5	-0.0882	0.00869	-0.000454	9.86E-06
"propionaldehyde"	"NBBJYMSMWIIQGU-UHFFFAOYSA-N"	0.45	-1.08	0.254	-0.0239	0.00179	9.43E-05	-1.16E-05	-1.25E-06	-4.44E-08	-5.72E-10	-1.06	-0.649	0.707	-1.2	0.439	-0.0808	0.00824	-0.000444	9.87E-06
"propionitrile"	"FVSKHRXBFJPNKK-UHFFFAOYSA-N"	0.47	-1.05	0.385	-0.0423	0.00755	0.00144	0.000113	4.83E-06	1.09E-07	1.03E-09	-0.971	-1.12	1.91	-1.75	0.525	-0.0823	0.0072	-0.000334	6.37E-06
"pyridine"	"JUJWROOIHBZHMG-UHFFFAOYSA-N"	0.49	-1.16	0.211	-0.0244	0.00293	9.54E-05	-2.71E-05	-2.62E-06	-9.32E-08	-1.21E-09	-1.14	-1.01	3.02	-3.81	1.45	-0.282	0.0303	-0.00171	3.95E-05
"pyrimidine"	"CZPWVGJYEJSRLH-UHFFFAOYSA-N"	0.47	-1.04	0.251	-0.025	0.0054	0.000182	-4.67E-05	-4.71E-06	-1.72E-07	-2.29E-09	-1.03	-0.659	1.12	-1.78	0.675	-0.128	0.0135	-0.000746	1.7E-05
"pyrrole"	"KAESVJOAVNADME-UHFFFAOYSA-N"	0.48	-0.76	0.929	0.706	0.279	0.0391	0.00284	0.000113	2.32E-06	1.87E-08	-0.905	-0.665	-0.113	-0.297	0.116	-0.021	0.00207	-0.000108	2.34E-06
"pyrrolidine"	"RWRDLPDLKQPQOW-UHFFFAOYSA-N"	0.48	-1.17	0.148	-0.0528	-0.0154	-0.00334	-0.000295	-1.26E-05	-2.53E-07	-1.8E-09	-1.25	0.0241	1.72	-3.7	1.56	-0.321	0.0358	-0.00208	4.94E-05
"quinoline"	"SMWDFEZZVXVKRB-UHFFFAOYSA-N"	0.45	-1.15	0.206	-0.0236	0.00213	1.18E-05	-2.85E-05	-2.43E-06	-8.24E-08	-1.04E-09	-1.06	-1.63	3.69	-3.79	1.34	-0.249	0.0257	-0.00141	3.17E-05
"styrene"	"PPBRXRYQALVLMV-UHFFFAOYSA-N"	0.43	-1.17	0.215	-0.0184	0.000947	8.16E-05	-2.34E-06	-4.2E-07	-1.59E-08	-2.05E-10	-1.17	-0.324	-0.0715	-0.00508	-0.00153	0.000709	-9.28E-05	5.44E-06	-1.24E-07
"sulfolane"	"HXJUTPCZVOIRIF-UHFFFAOYSA-N"	0.49	-0.906	0.404	-0.052	0.00819	0.00195	0.000176	8.47E-06	2.15E-07	2.27E-09	-0.865	-0.999	2.31	-2.81	1.03	-0.193	0.0201	-0.00111	2.52E-05
"sulfur dioxide"	"RAHZWNYVWXNFOC-UHFFFAOYSA-N"	0.53	-1.06	0.284	-0.0318	0.0851	0.0185	0.00184	9.9E-05	2.78E-06	3.2E-08	-1.05	-0.324	-0.0641	-0.0597	0.00122	0.00297	-0.000546	3.93E-05	-1.04E-06
"sulfuric acid"	"QAOWNCQODCNURD-UHFFFAOYSA-N"	0.62	-1.14	-0.844	-0.226	0.402	0.102	0.0113	0.000658	1.97E-05	2.4E-07	-0.807	-0.316	-0.164	0.0463	-0.0433	0.0114	-0.00137	8.1E-05	-1.9E-06
"tetrachloroethylene"	"CYTYCFOTNPOANT-UHFFFAOYSA-N"	0.45	-1.26	0.277	-0.0272	0.00334	0.000313	-5.16E-07	-1.09E-06	-4.9E-08	-7.02E-10	-1.27	-0.0493	-0.00602	0.00226	-0.000642	0.000102	-9.42E-06	4.69E-07	-9.83E-09
"tetraethylurea"	"UWHSPZZUAYSGTB-UHFFFAOYSA-N"	0.42	-1.14	0.199	-0.0136	0.000541	3.14E-05	-1.81E-06	-1.86E-07	-5.62E-09	-6.05E-11	-1.15	-0.726	2.15	-3.31	1.3	-0.255	0.0276	-0.00157	3.65E-05
"tetrahydrofuran"	"WYURNTSHIVDZCO-UHFFFAOYSA-N"	0.45	-1.07	0.233	-0.0124	0.000456	6.76E-05	3.44E-06	1.07E-07	2.18E-09	2.26E-11	-1.14	0.0741	-0.584	-1.21	0.602	-0.13	0.0148	-0.000869	2.07E-05
"tetrahydropyran"	"DHXVGJBLRPWPCS-UHFFFAOYSA-N"	0.44	-1.14	0.212	-0.00863	0.000355	6.08E-05	4.21E-06	1.87E-07	4.92E-09	5.63E-11	-1.16	-0.363	0.42	-1.59	0.667	-0.134	0.0147	-0.000837	1.95E-05
"tetrahydrothiophene"	"RAOIDOHSFRTOEL-UHFFFAOYSA-N"	0.49	-1.19	0.237	-0.0168	0.000691	9.43E-05	2.71E-06	-4.72E-08	-4.03E-09	-6.15E-11	-1.17	-0.561	0.551	-0.67	0.193	-0.0277	0.00217	-8.69E-05	1.37E-06
"tetramethylsilane"	"CZDYPVPMEAXLPK-UHFFFAOYSA-N"	0.39	-1.23	0.178	-0.00801	0.000354	5.02E-05	3.18E-06	1.41E-07	3.83E-09	4.57E-11	-1.23	-0.0568	-0.00423	0.000435	-0.000247	5.36E-05	-6.34E-06	3.9E-07	-9.69E-09
"tetramethylurea"	"AVQQQNCBBIEMEU-UHFFFAOYSA-N"	0.47	-1.07	0.266	-0.0172	0.000715	7.08E-05	2.26E-07	-1.59E-07	-6.5E-09	-8.35E-11	-1.16	0.112	0.326	-2.37	1.07	-0.224	0.0252	-0.00147	3.5E-05
"thiane"	"YPWFISCTZQNZAU-UHFFFAOYSA-N"	0.45	-1.18	0.242	-0.0141	0.000508	7.78E-05	3.49E-06	7.43E-08	6.82E-10	1.41E-12	-1.15	-0.537	0.542	-0.619	0.166	-0.0217	0.00146	-4.5E-05	3.59E-07
"thiobis(2-ethanol)"	"YODZTKMDCQEPHD-UHFFFAOYSA-N"	0.52	-0.679	0.489	0.0805	-0.0356	-0.0244	-0.00369	-0.000252	-8.28E-06	-1.07E-07	-0.775	-0.568	-0.36	-0.665	0.307	-0.0632	0.00697	-0.000398	9.31E-06
"thionyl chloride"	"FYSNRJHAOHDILO-UHFFFAOYSA-N"	0.5	-1.21	0.416	-0.151	0.0438	0.012	0.00128	7.16E-05	2.06E-06	2.41E-08	-1.2	-0.146	-0.0174	-0.00416	0.000782	-0.000275	3.75E-05	-2.11E-06	4.25E-08
"toluene"	"YXFVVABEGXRONW-UHFFFAOYSA-N"	0.44	-1.18	0.202	-0.0146	0.000588	5.3E-05	-6.03E-07	-1.71E-07	-6.23E-09	-7.58E-11	-1.18	-0.321	-0.085	-0.00651	-0.0039	0.00155	-0.000206	1.24E-05	-2.92E-07
"trans-1,2-dichloroethylene"	"KFUSEUYYWQURPO-OWOJBTEDSA-N"	0.47	-1.23	0.322	-0.000936	0.0237	0.00292	0.000149	2.63E-06	-3.61E-08	-1.37E-09	-1.24	-0.146	-0.00983	-0.00073	7.05E-05	-2.3E-06	-2.89E-07	4.21E-08	-1.54E-09
"tri-(n-butyl)amine"	"IMFACGCPASFAPR-UHFFFAOYSA-N"	0.4	-1.22	0.138	-0.00414	0.000266	3.52E-05	2.63E-06	1.27E-07	3.43E-09	3.87E-11	-1.12	-1.58	3.7	-3.55	1.22	-0.22	0.0222	-0.00119	2.64E-05
"tri-n-butylphosphate"	"STCOOQWBFONSKY-UHFFFAOYSA-N"	0.44	-1.16	0.194	-0.0115	0.000421	2.86E-05	-1.96E-07	-5.21E-08	-1.39E-09	-1.1E-11	-1.25	-0.0154	1.21	-3.32	1.42	-0.294	0.0328	-0.00191	4.52E-05
"trichloroethylene"	"XSTXAVWGXDQKEL-UHFFFAOYSA-N"	0.48	-1.25	0.289	0.000124	0.0175	0.000621	-0.000141	-1.5E-05	-5.71E-07	-7.85E-09	-1.26	-0.116	-0.00939	0.00129	-0.000637	0.000134	-1.55E-05	9.37E-07	-2.31E-08
"triethanolamine"	"GSEJCLTVZPLZKY-UHFFFAOYSA-N"	0.5	-0.769	0.416	0.115	-0.0222	-0.0218	-0.00341	-0.000236	-7.8E-06	-1.01E-07	-0.862	-0.589	0.216	-1.23	0.503	-0.0992	0.0107	-0.000601	1.39E-05
"triethylamine"	"ZMANZCXQSJIPKH-UHFFFAOYSA-N"	0.41	-1.2	0.144	-0.00554	0.000288	2.84E-05	1.84E-06	9.04E-08	2.55E-09	2.96E-11	-1.23	-0.38	1.67	-3.07	1.25	-0.251	0.0276	-0.00158	3.72E-05
"triethylene glycol"	"ZIBGPFATKBEMQZ-UHFFFAOYSA-N"	0.52	-0.909	0.0891	-0.401	-0.251	-0.0671	-0.00806	-0.000495	-1.53E-05	-1.9E-07	-0.884	-0.921	1.11	-1.56	0.523	-0.09	0.00869	-0.000448	9.62E-06
"triethylphosphate"	"DQWPFSLDHJDLRL-UHFFFAOYSA-N"	0.45	-1.04	0.256	-0.0184	0.000798	0.000113	3.72E-06	-2.69E-08	-4.12E-09	-6.79E-11	-1.13	0.0331	0.572	-2.8	1.23	-0.255	0.0285	-0.00166	3.94E-05
"trifluoroacetic acid"	"DTQVDTLACAAQTR-UHFFFAOYSA-N"	0.48	-1.24	-0.219	0.0241	0.4	0.0932	0.00999	0.000572	1.69E-05	2.03E-07	-1.06	-0.0189	-0.387	0.262	-0.0946	0.0141	-0.00091	1.72E-05	3.26E-07
"trimethylphosphate"	"WVLBCYQITXONBZ-UHFFFAOYSA-N"	0.49	-0.948	0.257	-0.0258	0.0027	0.000318	8.14E-06	-3.68E-07	-2.46E-08	-3.9E-10	-1.04	0.0706	0.211	-2.48	1.12	-0.235	0.0265	-0.00155	3.69E-05
"water"	"XLYOFNOQVPJJNP-UHFFFAOYSA-N"	0.73848929	0.775	0.0126	-0.372	0.0411	0.0173	0.0021	0.000126	3.8E-06	4.62E-08	0.838	-0.519	-0.0771	-0.814	0.352	-0.0706	0.00763	-0.00043	9.93E-06
"noble"	"NaN"	0.41491364	-1.2566373	1.3E-14	1.1E-14	3.97E-15	7.4E-16	7.71E-17	4.55E-18	1.42E-19	1.82E-21	-1.26	-6.87E-15	2.58E-15	1.77E-16	-2.8E-16	5.98E-17	-5.45E-18	2.17E-19	-2.63E-21
